{"stats":{"minecraft:used":{"minecraft:netherite_block":16,"securitycraft:mine":2,"securitycraft:gilded_blackstone_mine":3,"minecraft:lapis_ore":1,"securitycraft:bouncing_betty":1,"minecraft:milk_bucket":1},"minecraft:killed":{"minecraft:skeleton":3,"minecraft:spider":1,"minecraft:zombie":11},"minecraft:picked_up":{"minecraft:rotten_flesh":5},"minecraft:custom":{"minecraft:time_since_rest":38336,"minecraft:crouch_one_cm":1167,"minecraft:play_time":38336,"minecraft:sprint_one_cm":17260,"minecraft:damage_taken":240,"minecraft:walk_one_cm":45291,"minecraft:sneak_time":500,"minecraft:mob_kills":16,"minecraft:jump":86,"minecraft:damage_dealt":17,"minecraft:leave_game":1,"minecraft:time_since_death":38336,"minecraft:total_world_time":38838,"minecraft:fly_one_cm":24033,"minecraft:fall_one_cm":478}},"DataVersion":2975}