{"stats":{"minecraft:used":{"securitycraft:mine":2,"securitycraft:gilded_blackstone_mine":3,"securitycraft:bouncing_betty":1,"minecraft:milk_bucket":1},"minecraft:killed":{"minecraft:skeleton":3,"minecraft:spider":1,"minecraft:zombie":6},"minecraft:picked_up":{"minecraft:rotten_flesh":1},"minecraft:custom":{"minecraft:jump":50,"minecraft:damage_dealt":17,"minecraft:time_since_rest":26336,"minecraft:crouch_one_cm":571,"minecraft:leave_game":1,"minecraft:sprint_one_cm":16791,"minecraft:play_time":26336,"minecraft:damage_taken":193,"minecraft:time_since_death":26336,"minecraft:walk_one_cm":33935,"minecraft:sneak_time":195,"minecraft:total_world_time":26838,"minecraft:mob_kills":11,"minecraft:fall_one_cm":269,"minecraft:fly_one_cm":18484}},"DataVersion":2975}