{"stats":{"minecraft:used":{"securitycraft:mine":2,"securitycraft:gilded_blackstone_mine":3,"securitycraft:bouncing_betty":1},"minecraft:killed":{"minecraft:spider":1,"minecraft:skeleton":3,"minecraft:zombie":5},"minecraft:custom":{"minecraft:jump":42,"minecraft:time_since_rest":21859,"minecraft:crouch_one_cm":245,"minecraft:leave_game":1,"minecraft:sprint_one_cm":14477,"minecraft:play_time":21859,"minecraft:damage_taken":193,"minecraft:time_since_death":21859,"minecraft:walk_one_cm":31048,"minecraft:sneak_time":49,"minecraft:total_world_time":22361,"minecraft:mob_kills":10,"minecraft:fall_one_cm":269,"minecraft:fly_one_cm":18484}},"DataVersion":2975}