{
  "securitycraft:recipes/securitycraft/stone_mine": {
    "criteria": {
      "has_mine": "2024-09-26 00:49:36 +0000"
    },
    "done": true
  },
  "securitycraft:recipes/securitycraft/emerald_mine": {
    "criteria": {
      "has_mine": "2024-09-26 00:49:36 +0000"
    },
    "done": true
  },
  "securitycraft:recipes/securitycraft/gilded_blackstone_mine": {
    "criteria": {
      "has_mine": "2024-09-26 00:49:36 +0000"
    },
    "done": true
  },
  "betterdungeons:root": {
    "criteria": {
      "always": "2024-09-24 21:42:55 +0000"
    },
    "done": true
  },
  "minecraft:recipes/misc/lapis_lazuli_from_blasting_lapis_ore": {
    "criteria": {
      "has_lapis_ore": "2024-09-26 01:20:36 +0000"
    },
    "done": true
  },
  "minecraft:adventure/kill_a_mob": {
    "criteria": {
      "minecraft:zombie": "2024-09-26 01:00:26 +0000"
    },
    "done": true
  },
  "securitycraft:recipes/securitycraft/dirt_mine": {
    "criteria": {
      "has_mine": "2024-09-26 00:49:36 +0000"
    },
    "done": true
  },
  "securitycraft:recipes/securitycraft/smoker_mine": {
    "criteria": {
      "has_mine": "2024-09-26 00:49:36 +0000"
    },
    "done": true
  },
  "minecraft:adventure/kill_all_mobs": {
    "criteria": {
      "minecraft:skeleton": "2024-09-26 01:01:16 +0000",
      "minecraft:spider": "2024-09-26 01:01:45 +0000",
      "minecraft:zombie": "2024-09-26 01:00:26 +0000"
    },
    "done": false
  },
  "securitycraft:recipes/securitycraft/netherrack_mine": {
    "criteria": {
      "has_mine": "2024-09-26 00:49:36 +0000"
    },
    "done": true
  },
  "securitycraft:recipes/securitycraft/deepslate_diamond_mine": {
    "criteria": {
      "has_mine": "2024-09-26 00:49:36 +0000"
    },
    "done": true
  },
  "securitycraft:recipes/securitycraft/lapis_mine": {
    "criteria": {
      "has_mine": "2024-09-26 00:49:36 +0000"
    },
    "done": true
  },
  "securitycraft:recipes/securitycraft/deepslate_emerald_mine": {
    "criteria": {
      "has_mine": "2024-09-26 00:49:36 +0000"
    },
    "done": true
  },
  "securitycraft:recipes/securitycraft/deepslate_mine": {
    "criteria": {
      "has_mine": "2024-09-26 00:49:36 +0000"
    },
    "done": true
  },
  "securitycraft:recipes/securitycraft/cobblestone_mine": {
    "criteria": {
      "has_mine": "2024-09-26 00:49:36 +0000"
    },
    "done": true
  },
  "securitycraft:recipes/securitycraft/deepslate_coal_mine": {
    "criteria": {
      "has_mine": "2024-09-26 00:49:36 +0000"
    },
    "done": true
  },
  "minecraft:recipes/misc/lapis_lazuli_from_smelting_lapis_ore": {
    "criteria": {
      "has_lapis_ore": "2024-09-26 01:20:36 +0000"
    },
    "done": true
  },
  "securitycraft:recipes/securitycraft/iron_mine": {
    "criteria": {
      "has_mine": "2024-09-26 00:49:36 +0000"
    },
    "done": true
  },
  "minecraft:adventure/adventuring_time": {
    "criteria": {
      "minecraft:beach": "2024-09-24 21:44:03 +0000",
      "minecraft:savanna": "2024-09-24 21:42:54 +0000",
      "minecraft:plains": "2024-09-24 21:44:04 +0000"
    },
    "done": false
  },
  "securitycraft:recipes/securitycraft/sand_mine": {
    "criteria": {
      "has_mine": "2024-09-26 00:49:36 +0000"
    },
    "done": true
  },
  "securitycraft:recipes/securitycraft/blast_furnace_mine": {
    "criteria": {
      "has_mine": "2024-09-26 00:49:36 +0000"
    },
    "done": true
  },
  "securitycraft:recipes/securitycraft/deepslate_lapis_mine": {
    "criteria": {
      "has_mine": "2024-09-26 00:49:36 +0000"
    },
    "done": true
  },
  "securitycraft:recipes/securitycraft/gold_mine": {
    "criteria": {
      "has_mine": "2024-09-26 00:49:36 +0000"
    },
    "done": true
  },
  "securitycraft:recipes/securitycraft/nether_gold_mine": {
    "criteria": {
      "has_mine": "2024-09-26 00:49:36 +0000"
    },
    "done": true
  },
  "securitycraft:recipes/securitycraft/ancient_debris_mine": {
    "criteria": {
      "has_mine": "2024-09-26 00:49:36 +0000"
    },
    "done": true
  },
  "minecraft:husbandry/root": {
    "criteria": {
      "consumed_item": "2024-09-26 01:17:42 +0000"
    },
    "done": true
  },
  "securitycraft:recipes/securitycraft/coal_mine": {
    "criteria": {
      "has_mine": "2024-09-26 00:49:36 +0000"
    },
    "done": true
  },
  "minecraft:recipes/decorations/chest": {
    "criteria": {
      "has_lots_of_items": "2024-09-26 00:59:14 +0000"
    },
    "done": true
  },
  "securitycraft:recipes/securitycraft/remote_access_mine": {
    "criteria": {
      "has_mine": "2024-09-26 00:49:36 +0000"
    },
    "done": true
  },
  "securitycraft:recipes/securitycraft/copper_mine": {
    "criteria": {
      "has_mine": "2024-09-26 00:49:36 +0000"
    },
    "done": true
  },
  "securitycraft:recipes/securitycraft/deepslate_redstone_mine": {
    "criteria": {
      "has_mine": "2024-09-26 00:49:36 +0000"
    },
    "done": true
  },
  "securitycraft:recipes/securitycraft/furnace_mine": {
    "criteria": {
      "has_mine": "2024-09-26 00:49:36 +0000"
    },
    "done": true
  },
  "securitycraft:recipes/securitycraft/deepslate_gold_mine": {
    "criteria": {
      "has_mine": "2024-09-26 00:49:36 +0000"
    },
    "done": true
  },
  "securitycraft:recipes/securitycraft/quartz_mine": {
    "criteria": {
      "has_mine": "2024-09-26 00:49:36 +0000"
    },
    "done": true
  },
  "securitycraft:recipes/securitycraft/cobbled_deepslate_mine": {
    "criteria": {
      "has_mine": "2024-09-26 00:49:36 +0000"
    },
    "done": true
  },
  "securitycraft:recipes/securitycraft/redstone_mine": {
    "criteria": {
      "has_mine": "2024-09-26 00:49:36 +0000"
    },
    "done": true
  },
  "securitycraft:recipes/securitycraft/diamond_mine": {
    "criteria": {
      "has_mine": "2024-09-26 00:49:36 +0000"
    },
    "done": true
  },
  "securitycraft:recipes/securitycraft/wire_cutters": {
    "criteria": {
      "has_mine": "2024-09-26 00:49:36 +0000"
    },
    "done": true
  },
  "securitycraft:recipes/securitycraft/gravel_mine": {
    "criteria": {
      "has_mine": "2024-09-26 00:49:36 +0000"
    },
    "done": true
  },
  "minecraft:adventure/root": {
    "criteria": {
      "killed_something": "2024-09-26 01:00:26 +0000"
    },
    "done": true
  },
  "securitycraft:recipes/securitycraft/deepslate_iron_mine": {
    "criteria": {
      "has_mine": "2024-09-26 00:49:36 +0000"
    },
    "done": true
  },
  "securitycraft:recipes/securitycraft/deepslate_copper_mine": {
    "criteria": {
      "has_mine": "2024-09-26 00:49:36 +0000"
    },
    "done": true
  },
  "securitycraft:recipes/securitycraft/end_stone_mine": {
    "criteria": {
      "has_mine": "2024-09-26 00:49:36 +0000"
    },
    "done": true
  },
  "minecraft:recipes/misc/netherite_ingot_from_netherite_block": {
    "criteria": {
      "has_netherite_block": "2024-09-26 01:20:38 +0000"
    },
    "done": true
  },
  "DataVersion": 2975
}